{
  "DeviceUUID": "CPU-799a99f2-adc1-54bd-80f5-469b83652ca1",
  "DeviceName": "Intel(R) Xeon(R) Platinum 8272CL CPU @ 2.60GHz",
  "Enabled": true,
  "MinimumProfit": 0.0,
  "TDPSettings": {
    "SettingType": "UNSUPPORTED",
    "Simple": null,
    "Percentage": null
  },
  "PluginAlgorithmSettings": [
    {
      "Name": "XMRig",
      "PluginUUID": "0e0a7320-94ec-11ea-a64d-17be303ea466",
      "PluginVersion": "16.0",
      "AlgorithmIDs": "RandomXmonero",
      "Speeds": [
        176.93609999999998
      ],
      "ExtraLaunchParameters": "--cpu-priority 0",
      "Enabled": true,
      "PowerUsage": 0.0
    }
  ]
}