{
  "use_user_settings": false,
  "enable_unsafe_RAM_limits": false,
  "default_fee": 2.0,
  "algorithm_fees": {
    "DaggerHashimoto": 1.0,
    "Octopus": 3.0
  },
  "device_algorithms": {
    "NVIDIA": [
      {
        "IDs": [
          43
        ],
        "Enabled": null,
        "ExtraLaunchParameters": null,
        "NonDefaultRAMLimit": null
      },
      {
        "IDs": [
          20
        ],
        "Enabled": null,
        "ExtraLaunchParameters": null,
        "NonDefaultRAMLimit": null
      },
      {
        "IDs": [
          52
        ],
        "Enabled": null,
        "ExtraLaunchParameters": null,
        "NonDefaultRAMLimit": 3758096384
      },
      {
        "IDs": [
          54
        ],
        "Enabled": null,
        "ExtraLaunchParameters": null,
        "NonDefaultRAMLimit": null
      },
      {
        "IDs": [
          56
        ],
        "Enabled": null,
        "ExtraLaunchParameters": null,
        "NonDefaultRAMLimit": 5368709120
      }
    ],
    "AMD": [
      {
        "IDs": [
          52
        ],
        "Enabled": null,
        "ExtraLaunchParameters": null,
        "NonDefaultRAMLimit": 4294967296
      },
      {
        "IDs": [
          20
        ],
        "Enabled": null,
        "ExtraLaunchParameters": null,
        "NonDefaultRAMLimit": null
      }
    ]
  },
  "plugin_algorithm_name": {
    "CuckooCycle": "cuckoo_ae",
    "DaggerHashimoto": "ethash",
    "KAWPOW": "kawpow",
    "BeamV3": "beamv3",
    "Octopus": "octopus"
  }
}