[
  {
    "local": {
      "PluginUUID": "eb75e920-94eb-11ea-a64d-17be303ea466",
      "PluginPackageHash": "618ccfb9845fa18707c9da1ee53556bfe804f2d91a322fb455e3fbda58ad9974",
      "BinaryPackageHash": "ec8c4d3890af5f00ca241fc1470fbec52d933215399f949aecb38b28193568b5",
      "PluginName": "lolMiner",
      "PluginVersion": {
        "Major": 16,
        "Minor": 4,
        "Build": 0,
        "Revision": 0,
        "MajorRevision": 0,
        "MinorRevision": 0
      },
      "PluginPackageURL": "https://github.com/nicehash/NHM_MinerPluginsDownloads/releases/download/v16.x/lolMiner_v16.4_mptoolkitV1_eb75e920-94eb-11ea-a64d-17be303ea466.zip",
      "MinerPackageURL": "https://github.com/Lolliedieb/lolMiner-releases/releases/download/1.35/lolMiner_v1.35_Win64.zip",
      "SupportedDevicesAlgorithms": {
        "AMD": [
          "GrinCuckatoo31",
          "GrinCuckatoo32",
          "ZHash",
          "BeamV3",
          "DaggerHashimoto"
        ],
        "NVIDIA": [
          "GrinCuckatoo31",
          "GrinCuckatoo32",
          "ZHash",
          "BeamV3",
          "DaggerHashimoto"
        ]
      },
      "PluginAuthor": "info@nicehash.com",
      "PluginDescription": "Miner Binary Version '1.35'.\n\nMiner for AMD and Nvidia gpus.",
      "PackagePassword": null
    },
    "online": {
      "PluginUUID": "eb75e920-94eb-11ea-a64d-17be303ea466",
      "PluginPackageHash": "76ef87ec421a0ca1003552f3059423d174b98a71359fb30bd391cdbf8f87efd3",
      "BinaryPackageHash": "b592461eef8c9256d4e31bf5c176db14bc22dd5a97a17e26647cdd6b367aa213",
      "PluginName": "lolMiner",
      "PluginVersion": {
        "Major": 16,
        "Minor": 2,
        "Build": 0,
        "Revision": 0,
        "MajorRevision": 0,
        "MinorRevision": 0
      },
      "PluginPackageURL": "https://github.com/nicehash/NHM_MinerPluginsDownloads/releases/download/v16.x/lolMiner_v16.2_mptoolkitV1_eb75e920-94eb-11ea-a64d-17be303ea466.zip",
      "MinerPackageURL": "https://github.com/Lolliedieb/lolMiner-releases/releases/download/1.32/lolMiner_v1.32a_Win64.zip",
      "SupportedDevicesAlgorithms": {
        "AMD": [
          "GrinCuckatoo31",
          "GrinCuckatoo32",
          "ZHash",
          "BeamV3",
          "DaggerHashimoto"
        ],
        "NVIDIA": [
          "GrinCuckatoo31",
          "GrinCuckatoo32",
          "ZHash",
          "BeamV3",
          "DaggerHashimoto"
        ]
      },
      "PluginAuthor": "info@nicehash.com",
      "PluginDescription": "Miner Binary Version '1.32a'.\n\nMiner for AMD and Nvidia gpus.",
      "PackagePassword": null
    }
  },
  {
    "local": {
      "PluginUUID": "f25fee20-94eb-11ea-a64d-17be303ea466",
      "PluginPackageHash": "e8343f48e946790f9267f1bc61495c95852a04c0bae7099738ae8da07046592a",
      "BinaryPackageHash": "bb463968d607c90d1cf5c888d979402ef4f1b6ae651cb9d20a2d05b8a0055c08",
      "PluginName": "NanoMiner",
      "PluginVersion": {
        "Major": 16,
        "Minor": 2,
        "Build": 0,
        "Revision": 0,
        "MajorRevision": 0,
        "MinorRevision": 0
      },
      "PluginPackageURL": "https://github.com/nicehash/NHM_MinerPluginsDownloads/releases/download/v16.x/NanoMiner_v16.2_mptoolkitV1_f25fee20-94eb-11ea-a64d-17be303ea466.zip",
      "MinerPackageURL": "https://github.com/nanopool/nanominer/releases/download/v3.3.14/nanominer-windows-3.3.14-cuda11.zip",
      "SupportedDevicesAlgorithms": {
        "AMD": [
          "KAWPOW",
          "DaggerHashimoto"
        ],
        "NVIDIA": [
          "KAWPOW",
          "Octopus",
          "DaggerHashimoto"
        ]
      },
      "PluginAuthor": "info@nicehash.com",
      "PluginDescription": "Miner Binary Version 'v3.3.14'.\n\nNanominer is a versatile tool for mining cryptocurrencies which are based on Ethash, Ubqhash, Cuckoo Cycle (Сortex coin),RandomX (Monero), KawPow (Ravencoin) and RandomHash (PascalCoin) algorithms.",
      "PackagePassword": null
    },
    "online": {
      "PluginUUID": "f25fee20-94eb-11ea-a64d-17be303ea466",
      "PluginPackageHash": "d3da4b88d260c97566c10c4b5615313f7144779b9e6ae0e8758a4ac905245b6e",
      "BinaryPackageHash": "bb463968d607c90d1cf5c888d979402ef4f1b6ae651cb9d20a2d05b8a0055c08",
      "PluginName": "NanoMiner",
      "PluginVersion": {
        "Major": 16,
        "Minor": 1,
        "Build": 0,
        "Revision": 0,
        "MajorRevision": 0,
        "MinorRevision": 0
      },
      "PluginPackageURL": "https://github.com/nicehash/NHM_MinerPluginsDownloads/releases/download/v16.x/NanoMiner_v16.1_mptoolkitV1_f25fee20-94eb-11ea-a64d-17be303ea466.zip",
      "MinerPackageURL": "https://github.com/nanopool/nanominer/releases/download/v3.3.14/nanominer-windows-3.3.14-cuda11.zip",
      "SupportedDevicesAlgorithms": {
        "NVIDIA": [
          "KAWPOW",
          "Octopus",
          "DaggerHashimoto"
        ],
        "AMD": [
          "KAWPOW",
          "DaggerHashimoto"
        ],
        "CPU": []
      },
      "PluginAuthor": "info@nicehash.com",
      "PluginDescription": "Miner Binary Version 'v3.3.14'.\n\nNanominer is a versatile tool for mining cryptocurrencies which are based on Ethash, Ubqhash, Cuckoo Cycle (Ð¡ortex coin),RandomX (Monero), KawPow (Ravencoin) and RandomHash (PascalCoin) algorithms.",
      "PackagePassword": ""
    }
  },
  {
    "local": {
      "PluginUUID": "f683f550-94eb-11ea-a64d-17be303ea466",
      "PluginPackageHash": "1e9ef32382dc495f4ba7be2417c57fb3e876bf6ef1bc11929d8c227464ca1f11",
      "BinaryPackageHash": "e1bcdd95fdece9c83d6ffa75a87c7e9ee35b0d1e9f8ec77e28d8dbf3ff11ebd9",
      "PluginName": "NBMiner",
      "PluginVersion": {
        "Major": 16,
        "Minor": 6,
        "Build": 0,
        "Revision": 0,
        "MajorRevision": 0,
        "MinorRevision": 0
      },
      "PluginPackageURL": "https://github.com/nicehash/NHM_MinerPluginsDownloads/releases/download/v16.x/NBMiner_v16.6_mptoolkitV1_f683f550-94eb-11ea-a64d-17be303ea466.zip",
      "MinerPackageURL": "https://github.com/NebuTech/NBMiner/releases/download/v40.1/NBMiner_40.1_Win.zip",
      "SupportedDevicesAlgorithms": {
        "AMD": [
          "KAWPOW",
          "DaggerHashimoto"
        ],
        "NVIDIA": [
          "CuckooCycle",
          "DaggerHashimoto",
          "KAWPOW",
          "BeamV3",
          "Octopus"
        ]
      },
      "PluginAuthor": "info@nicehash.com",
      "PluginDescription": "Miner Binary Version 'v40.1'.\n\nGPU Miner for GRIN, AE and ETH mining.",
      "PackagePassword": null
    },
    "online": {
      "PluginUUID": "f683f550-94eb-11ea-a64d-17be303ea466",
      "PluginPackageHash": "511886352a8d77bb08d208c3eef2bf8cdb189d14809b06a5ffedbfcf4edc3c21",
      "BinaryPackageHash": "e1bcdd95fdece9c83d6ffa75a87c7e9ee35b0d1e9f8ec77e28d8dbf3ff11ebd9",
      "PluginName": "NBMiner",
      "PluginVersion": {
        "Major": 16,
        "Minor": 6,
        "Build": 0,
        "Revision": 0,
        "MajorRevision": 0,
        "MinorRevision": 0
      },
      "PluginPackageURL": "https://github.com/nicehash/NHM_MinerPluginsDownloads/releases/download/v16.x/NBMiner_v16.6_mptoolkitV1_f683f550-94eb-11ea-a64d-17be303ea466.zip",
      "MinerPackageURL": "https://github.com/NebuTech/NBMiner/releases/download/v40.1/NBMiner_40.1_Win.zip",
      "SupportedDevicesAlgorithms": {
        "NVIDIA": [
          "CuckooCycle",
          "DaggerHashimoto",
          "KAWPOW",
          "BeamV3",
          "Octopus"
        ],
        "AMD": [
          "KAWPOW",
          "DaggerHashimoto"
        ],
        "CPU": []
      },
      "PluginAuthor": "info@nicehash.com",
      "PluginDescription": "Miner Binary Version 'v40.1'.\n\nGPU Miner for GRIN, AE and ETH mining.",
      "PackagePassword": ""
    }
  }
]