[
  {
    "PluginVersion": {
      "major": 16,
      "minor": 1
    },
    "PluginUUID": "27315fe0-3b03-11eb-b105-8d43d5bd63be",
    "PluginPackageHash": "03f14a40a3c692508a51c0f67a6c8c53ee3954d97eb46788a4c7a1dc1bb272ba",
    "BinaryPackageHash": "de9526c2f641a8b92063661759961d8eea5d0d4b280750704a44f51dc6dcd640",
    "PluginName": "Excavator",
    "PluginPackageURL": "https://github.com/nicehash/NHM_MinerPluginsDownloads/releases/download/v16.x/Excavator_v16.1_mptoolkitV1_27315fe0-3b03-11eb-b105-8d43d5bd63be.zip",
    "MinerPackageURL": "https://github.com/nicehash/excavator/releases/download/v1.6.11f/excavator_v1.6.11f_build819_Win64_signed.zip",
    "SupportedDevicesAlgorithms": {
      "NVIDIA": [
        "DaggerHashimoto"
      ]
    },
    "PluginAuthor": "info@nicehash.com",
    "PluginDescription": "Miner Binary Version 'v1.6.11f'.\n\nExcavator NVIDIA GPU miner from NiceHash",
    "PackagePassword": null
  },
  {
    "PluginVersion": {
      "major": 16,
      "minor": 4
    },
    "PluginUUID": "eb75e920-94eb-11ea-a64d-17be303ea466",
    "PluginPackageHash": "618ccfb9845fa18707c9da1ee53556bfe804f2d91a322fb455e3fbda58ad9974",
    "BinaryPackageHash": "ec8c4d3890af5f00ca241fc1470fbec52d933215399f949aecb38b28193568b5",
    "PluginName": "lolMiner",
    "PluginPackageURL": "https://github.com/nicehash/NHM_MinerPluginsDownloads/releases/download/v16.x/lolMiner_v16.4_mptoolkitV1_eb75e920-94eb-11ea-a64d-17be303ea466.zip",
    "MinerPackageURL": "https://github.com/Lolliedieb/lolMiner-releases/releases/download/1.35/lolMiner_v1.35_Win64.zip",
    "SupportedDevicesAlgorithms": {
      "AMD": [
        "GrinCuckatoo31",
        "GrinCuckatoo32",
        "ZHash",
        "BeamV3",
        "DaggerHashimoto"
      ],
      "NVIDIA": [
        "GrinCuckatoo31",
        "GrinCuckatoo32",
        "ZHash",
        "BeamV3",
        "DaggerHashimoto"
      ]
    },
    "PluginAuthor": "info@nicehash.com",
    "PluginDescription": "Miner Binary Version '1.35'.\n\nMiner for AMD and Nvidia gpus.",
    "PackagePassword": null
  },
  {
    "PluginVersion": {
      "major": 16,
      "minor": 2
    },
    "PluginUUID": "f25fee20-94eb-11ea-a64d-17be303ea466",
    "PluginPackageHash": "e8343f48e946790f9267f1bc61495c95852a04c0bae7099738ae8da07046592a",
    "BinaryPackageHash": "bb463968d607c90d1cf5c888d979402ef4f1b6ae651cb9d20a2d05b8a0055c08",
    "PluginName": "NanoMiner",
    "PluginPackageURL": "https://github.com/nicehash/NHM_MinerPluginsDownloads/releases/download/v16.x/NanoMiner_v16.2_mptoolkitV1_f25fee20-94eb-11ea-a64d-17be303ea466.zip",
    "MinerPackageURL": "https://github.com/nanopool/nanominer/releases/download/v3.3.14/nanominer-windows-3.3.14-cuda11.zip",
    "SupportedDevicesAlgorithms": {
      "AMD": [
        "KAWPOW",
        "DaggerHashimoto"
      ],
      "NVIDIA": [
        "KAWPOW",
        "Octopus",
        "DaggerHashimoto"
      ]
    },
    "PluginAuthor": "info@nicehash.com",
    "PluginDescription": "Miner Binary Version 'v3.3.14'.\n\nNanominer is a versatile tool for mining cryptocurrencies which are based on Ethash, Ubqhash, Cuckoo Cycle (Сortex coin),RandomX (Monero), KawPow (Ravencoin) and RandomHash (PascalCoin) algorithms.",
    "PackagePassword": null
  },
  {
    "PluginVersion": {
      "major": 16,
      "minor": 0
    },
    "PluginUUID": "0e0a7320-94ec-11ea-a64d-17be303ea466",
    "PluginPackageHash": "0622e5bd89519364c623f330d4ac08375987c496022a64b1a548dfadf5558c91",
    "BinaryPackageHash": "03c21c80852f088d5afe28de2838a49b63f45e217b6b7087417771851a197293",
    "PluginName": "XMRig",
    "PluginPackageURL": "https://github.com/nicehash/NHM_MinerPluginsDownloads/releases/download/v16.x/XMRig_v16.0_mptoolkitV1_0e0a7320-94ec-11ea-a64d-17be303ea466.zip",
    "MinerPackageURL": "https://github.com/xmrig/xmrig/releases/download/v6.8.1/xmrig-6.8.1-msvc-win64.zip",
    "SupportedDevicesAlgorithms": {
      "CPU": [
        "RandomXmonero"
      ]
    },
    "PluginAuthor": "info@nicehash.com",
    "PluginDescription": "Miner Binary Version 'v6.8.1'.\n\nCryptoNight and RandomX (Monero) CPU miner",
    "PackagePassword": null
  },
  {
    "PluginVersion": {
      "major": 16,
      "minor": 6
    },
    "PluginUUID": "f683f550-94eb-11ea-a64d-17be303ea466",
    "PluginPackageHash": "1e9ef32382dc495f4ba7be2417c57fb3e876bf6ef1bc11929d8c227464ca1f11",
    "BinaryPackageHash": "e1bcdd95fdece9c83d6ffa75a87c7e9ee35b0d1e9f8ec77e28d8dbf3ff11ebd9",
    "PluginName": "NBMiner",
    "PluginPackageURL": "https://github.com/nicehash/NHM_MinerPluginsDownloads/releases/download/v16.x/NBMiner_v16.6_mptoolkitV1_f683f550-94eb-11ea-a64d-17be303ea466.zip",
    "MinerPackageURL": "https://github.com/NebuTech/NBMiner/releases/download/v40.1/NBMiner_40.1_Win.zip",
    "SupportedDevicesAlgorithms": {
      "AMD": [
        "KAWPOW",
        "DaggerHashimoto"
      ],
      "NVIDIA": [
        "CuckooCycle",
        "DaggerHashimoto",
        "KAWPOW",
        "BeamV3",
        "Octopus"
      ]
    },
    "PluginAuthor": "info@nicehash.com",
    "PluginDescription": "Miner Binary Version 'v40.1'.\n\nGPU Miner for GRIN, AE and ETH mining.",
    "PackagePassword": null
  }
]